CustomerID,CustomerName,Region,CustomerSegment,SignupDate
C00001,Victoria Williams,Kano,Consumer,2024-03-21
C00002,John Thomas,Edo,Consumer,2024-12-11
C00003,Sarah Wilson,Rivers,Small Business,2025-10-18
C00004,Mary Miller,Lagos,Corporate,2025-12-12
C00005,Samuel Miller,Delta,Corporate,2024-07-24
C00006,Victoria White,Delta,Corporate,2023-08-01
C00007,Rebecca Martin,Abuja,Corporate,2023-08-08
C00008,Rebecca Williams,Kano,Small Business,2025-11-23
C00009,Victoria Thomas,Oyo,Corporate,2025-09-25
C00010,Mary Jones,Delta,Small Business,2025-11-06
C00011,David Taylor,Lagos,Corporate,2023-07-01
C00012,Rebecca Martin,Abuja,Consumer,2025-10-03
C00013,Daniel Thomas,Lagos,Corporate,2024-10-19
C00014,Elizabeth White,Enugu,Small Business,2024-04-09
C00015,Mary Wilson,Delta,Small Business,2024-09-08
C00016,Samuel Harris,Abuja,Consumer,2025-05-09
C00017,Samuel Davis,Lagos,Small Business,2025-01-16
C00018,Esther Miller,Edo,Corporate,2024-06-16
C00019,David Jones,Oyo,Consumer,2023-06-19
C00020,David Brown,Lagos,Consumer,2025-06-17
C00021,Victoria Wilson,Delta,Corporate,2023-12-09
C00022,Mary Davis,Delta,Consumer,2023-10-16
C00023,Daniel Thomas,Oyo,Small Business,2023-06-02
C00024,Victoria Smith,Rivers,Small Business,2025-04-14
C00025,Esther Davis,Abuja,Consumer,2024-12-12
C00026,Jennifer Miller,Oyo,Small Business,2023-06-26
C00027,David Williams,Edo,Consumer,2025-04-11
C00028,Esther Anderson,Enugu,Corporate,2025-01-26
C00029,Sarah Davis,Abuja,Consumer,2024-04-12
C00030,Samuel Jones,Oyo,Consumer,2024-09-29
C00031,Jennifer Brown,Oyo,Small Business,2023-06-14
C00032,Paul Martin,Kano,Consumer,2023-08-10
C00033,Jennifer White,Oyo,Consumer,2023-10-30
C00034,James Thomas,Kano,Consumer,2024-05-21
C00035,Grace Miller,Delta,Consumer,2025-02-22
C00036,Esther Taylor,Lagos,Corporate,2024-05-30
C00037,Joseph Anderson,Lagos,Corporate,
C00038,Elizabeth Davis,Delta,Consumer,2024-06-27
C00039,Michael Martin,Edo,Small Business,2025-07-05
C00040,John Jones,Enugu,Consumer,2023-01-03
C00041,Michael Jackson,Kano,Corporate,2025-09-22
C00042,Michael Jones,Oyo,Consumer,2023-06-21
C00043,Mary Brown,Abuja,Corporate,2023-10-09
C00044,Mary Jackson,Edo,Consumer,2025-04-19
C00045,Michael Brown,Lagos,Consumer,2025-03-26
C00046,James Wilson,Abuja,Small Business,2024-11-30
C00047,Esther Anderson,Oyo,Consumer,2023-06-21
C00048,Samuel Williams,Kano,Small Business,2023-06-17
C00049,David Jackson,Kano,Small Business,2025-01-11
C00050,Jennifer Anderson,Abuja,Small Business,2025-01-06
C00051, Esther Thomas ,Abuja,Consumer,2023-01-21
C00052,John Miller,Abuja,Small Business,2024-01-20
C00053,Sarah Davis,Rivers,Small Business,2023-02-10
C00054,Rebecca Wilson,Delta,Consumer,2025-07-03
C00055,Victoria Wilson,Abuja,Small Business,2025-07-05
C00056,John Jackson,Lagos,Corporate,2023-05-13
C00057,Joseph Anderson,Delta,Small Business,2025-03-03
C00058,Jennifer Davis,Enugu,Small Business,2023-03-24
C00059,Joseph Smith,Delta,Consumer,2023-11-24
C00060,John White,Delta,,2025-04-03
C00061,Victoria Wilson,Oyo,,2025-03-31
C00062,Joseph Jones,RIVERS,Corporate,2025-09-11
C00063,Rebecca Wilson,Delta,Consumer,2023-12-09
C00064,Daniel Johnson,Kano,Small Business,2024-08-15
C00065,David Martin,EDO,Consumer,2024-09-04
C00066,Esther Taylor,Lagos,Small Business,2024-01-06
C00067,Sarah Smith,Abuja,Small Business,
C00068,Daniel Miller,Delta,Consumer,2024-06-24
C00069,Rebecca Jackson,Enugu,Consumer,2023-07-29
C00070,Rebecca Jones,Edo,Corporate,2024-03-30
C00071,Michael Anderson,DELTA,Small Business,2024-02-03
C00072,Elizabeth Davis,Edo,Consumer,2025-08-30
C00073,Grace White,Enugu,Small Business,2024-01-22
C00074,James Taylor,Abuja,Consumer,2025-09-30
C00075,Jennifer Martin,Edo,Corporate,2025-01-07
C00076,Jennifer Thomas,Abuja,Corporate,2024-05-13
C00077,Daniel Williams,Oyo,Corporate,2023-08-26
C00078,Mary Taylor,Delta,Corporate,2025-10-29
C00079,Daniel Smith,Rivers,Consumer,2024-11-09
C00080,John Jones,Rivers,Consumer,2025-08-13
C00081,Jennifer Jones,Abuja,Consumer,2025-04-06
C00082,Mary Jackson,Enugu,Consumer,2024-05-09
C00083,John Wilson,Lagos,Small Business,2023-09-11
C00084,Mary Johnson,Kano,Corporate,2024-06-05
C00085,Sarah Smith,Lagos,Small Business,2024-02-04
C00086,Victoria Thomas,Kano,Consumer,2024-02-07
C00087,Paul Wilson,Delta,Consumer,2023-02-18
C00088,James Thomas,Edo,,2024-08-28
C00089,Esther Anderson,Abuja,Corporate,2024-08-11
C00090,Elizabeth Martin,Enugu,Consumer,2023-02-22
C00091,Daniel Martin,Rivers,Corporate,2024-07-06
C00092,David Williams,Oyo,Corporate,2024-03-25
C00093,Daniel Taylor,Enugu,Corporate,2025-01-21
C00094,Grace White,Kano,Small Business,2025-10-09
C00095,Elizabeth Thomas,Edo,Small Business,2024-08-16
C00096,Mary Thomas,Lagos,Small Business,2025-09-11
C00097,Mary Anderson,Edo,Consumer,2025-08-04
C00098,Joseph Martin,Enugu,Consumer,2023-06-29
C00099, Jennifer Brown ,Abuja,Corporate,2025-07-15
C00100,Joseph Anderson,Enugu,Consumer,2023-07-12
C00101,Rebecca Harris,Kano,Corporate,2023-05-08
C00102,Esther Williams,Lagos,Consumer,2023-07-22
C00103,Joseph Thomas,Delta,Small Business,2024-10-08
C00104,David Davis,Rivers,Corporate,2023-02-22
C00105,David White,Abuja,Corporate,2025-01-19
C00106,Sarah Johnson,Enugu,Consumer,2024-11-25
C00107,Daniel Thomas,Rivers,Consumer,2024-05-22
C00108,Elizabeth Harris,Kano,Small Business,2023-01-31
C00109,Sarah Thomas,Rivers,Corporate,2023-10-29
C00110, Jennifer Jones ,Rivers,Corporate,2024-09-12
C00111,John Thomas,Kano,Small Business,2023-06-14
C00112,Elizabeth Miller,Rivers,Consumer,2024-10-27
C00113,Elizabeth Jackson,Kano,Consumer,2025-04-04
C00114,Victoria Johnson,Delta,Consumer,2025-04-28
C00115,Esther Jones,Kano,Consumer,2023-01-19
C00116, Sarah Smith ,Delta,Consumer,2024-06-09
C00117,Michael Johnson,Edo,Consumer,2024-07-30
C00118,Paul Anderson,Abuja,Small Business,2023-12-12
C00119,Michael Brown,Lagos,Corporate,2025-12-25
C00120,Jennifer Wilson,Oyo,Consumer,2024-01-30
C00121,Jennifer Thomas,Delta,Small Business,2025-02-28
C00122,Jennifer Martin,Edo,Consumer,2024-12-26
C00123,Rebecca Miller,Oyo,Consumer,2023-07-02
C00124,Joseph Jones,Edo,Corporate,2023-03-10
C00125,Victoria Jones,Abuja,Small Business,
C00126,Mary Johnson,Delta,Consumer,2023-10-04
C00127,Esther Thomas,Delta,Consumer,2024-12-20
C00128,Daniel Harris,Edo,Small Business,2024-04-19
C00129,Daniel Wilson,Lagos,Small Business,2025-05-07
C00130,Sarah Anderson,DELTA,Consumer,2024-07-15
C00131,Grace Taylor,Kano,Corporate,2023-10-21
C00132,Paul Jackson,Edo,Corporate,2023-08-04
C00133, James White ,Edo,Consumer,2025-10-29
C00134,Esther Martin,Rivers,Corporate,2025-01-12
C00135,Mary Brown,Kano,Consumer,2025-01-13
C00136,Esther Thomas,Lagos,Consumer,2024-09-20
C00137,Rebecca Jackson,Lagos,Consumer,2023-09-15
C00138,Jennifer Harris,Lagos,Small Business,2023-09-28
C00139,Paul Miller,Delta,Corporate,
C00140,Rebecca Jackson,Kano,Consumer,2025-10-20
C00141,Elizabeth Thomas,Enugu,Small Business,2023-07-14
C00142,James Davis,Lagos,Small Business,2024-05-22
C00143,David Johnson,Edo,Consumer,2023-01-11
C00144, John Miller ,Edo,Small Business,2023-05-13
C00145,Sarah Taylor,ABUJA,Small Business,2023-03-23
C00146,Grace Brown,Abuja,Consumer,2025-04-03
C00147,John Johnson,Edo,Corporate,2023-06-17
C00148,Samuel Miller,Edo,Corporate,2023-08-05
C00149,Elizabeth Johnson,Edo,Corporate,2025-08-12
C00150,Joseph Jones,Rivers,Small Business,2025-03-01
C00151,John Martin,Edo,Small Business,2024-10-29
C00152,Sarah Jones,Lagos,Consumer,2025-09-15
C00153, John Anderson ,Enugu,Consumer,2024-05-02
C00154,Daniel Brown,Rivers,Corporate,2024-09-06
C00155,Samuel Jackson,Abuja,Consumer,2024-07-23
C00156,David Johnson,Lagos,Consumer,
C00157,Grace White,Delta,Corporate,2025-10-30
C00158,Daniel Davis,Abuja,Consumer,2023-11-17
C00159,David Williams,Lagos,Small Business,2024-03-05
C00160,Samuel White,Abuja,Consumer,2024-12-02
C00161,Victoria Anderson,Oyo,Small Business,2024-03-15
C00162,Daniel Davis,Enugu,Small Business,2023-07-07
C00163,David Brown,Kano,Small Business,2023-07-13
C00164,Esther White,Oyo,Corporate,2023-04-07
C00165,Daniel Miller,Kano,Small Business,2023-06-12
C00166,John Smith,Kano,Small Business,2025-05-14
C00167,James Taylor,Abuja,Small Business,2023-01-26
C00168,Elizabeth Smith,Lagos,,2025-02-15
C00169,Elizabeth Johnson,Abuja,Small Business,2024-08-30
C00170,Rebecca Davis,Lagos,Small Business,2025-10-19
C00171,Sarah Brown,Delta,Consumer,2024-09-15
C00172,David Miller,Kano,Consumer,2025-10-01
C00173,Esther Anderson,Delta,,2024-07-31
C00174,Rebecca Taylor,Rivers,Corporate,2025-08-14
C00175,John Taylor,Kano,Consumer,2025-03-20
C00176,James Johnson,Rivers,Corporate,2024-11-11
C00177,Victoria Harris,KANO,Corporate,2023-06-12
C00178,Daniel Williams,Abuja,Consumer,2024-09-03
C00179,Daniel Harris,Lagos,Small Business,2024-09-24
C00180,Paul Jones,Edo,Small Business,2023-10-01
C00181,Esther Jackson,Abuja,Consumer,2025-11-01
C00182,David Jackson,Enugu,Corporate,2023-07-21
C00183,Grace Harris,Rivers,Corporate,2024-10-26
C00184,David Taylor,Rivers,Corporate,2024-05-07
C00185,Rebecca Jones,Edo,Corporate,2025-05-02
C00186,Joseph Thomas,Oyo,Consumer,2024-10-25
C00187,Esther White,Abuja,Corporate,2024-07-09
C00188,Rebecca Johnson,Rivers,Small Business,2024-03-21
C00189,Grace Thomas,Edo,Consumer,2023-05-01
C00190,Michael Jones,Abuja,Small Business,2025-12-04
C00191,James Williams,Oyo,Consumer,2025-12-15
C00192,Jennifer Anderson,Rivers,Small Business,2025-06-29
C00193,John Davis,Oyo,Small Business,2024-01-17
C00194,Rebecca Anderson,Edo,Small Business,2024-11-13
C00195,James Thomas,Delta,Corporate,2023-07-10
C00196,John Wilson,Lagos,Consumer,2024-03-21
C00197,Michael Martin,Delta,Consumer,2024-09-19
C00198,Elizabeth Williams,Edo,Consumer,2023-03-04
C00199,Victoria Jones,Delta,Consumer,2023-05-12
C00200,Jennifer Miller,Lagos,,2025-09-13
C00201,Victoria White,Kano,Corporate,2024-02-12
C00202,Rebecca Thomas,Kano,Small Business,2025-04-23
C00203,John Brown,Lagos,Consumer,2024-08-21
C00204,Victoria White,Edo,Consumer,2024-01-07
C00205,Esther White,Abuja,Corporate,2023-01-09
C00206,Samuel White,Rivers,Consumer,2023-06-29
C00207,James Johnson,Rivers,Small Business,2025-08-30
C00208,Michael Brown,Enugu,Small Business,2025-04-22
C00209,Victoria Martin,Enugu,Corporate,2023-09-22
C00210,Grace Martin,Edo,Consumer,2024-07-27
C00211,Sarah Brown,Rivers,Small Business,2024-09-20
C00212,Daniel Anderson,Delta,Small Business,2025-01-23
C00213,Grace Brown,Delta,Corporate,2025-01-07
C00214,Rebecca Davis,Rivers,Corporate,2024-11-30
C00215,Rebecca Smith,Rivers,Small Business,2024-03-21
C00216,Mary Jones,Abuja,Small Business,2024-12-07
C00217,Sarah Jones,Oyo,Consumer,2025-09-23
C00218,Michael Martin,Kano,Consumer,2023-05-19
C00219,Esther Anderson,Delta,Corporate,2025-05-03
C00220,Joseph Williams,Abuja,Small Business,2024-04-07
C00221,David Davis,Delta,Corporate,2024-12-27
C00222,Elizabeth Wilson,Enugu,Small Business,2024-06-09
C00223, Mary Thomas ,Edo,Corporate,2024-10-07
C00224,Paul Wilson,Enugu,Small Business,2024-12-12
C00225,Paul Davis,Edo,Small Business,2025-05-25
C00226,Michael Jones,Oyo,Corporate,2024-05-22
C00227,James Anderson,Enugu,Small Business,2023-04-11
C00228,Mary Taylor,Delta,Small Business,2023-02-24
C00229, David Anderson ,Oyo,Small Business,2025-08-21
C00230,Daniel Martin,Delta,Small Business,2025-08-19
C00231,Samuel Smith,Enugu,Corporate,2023-12-24
C00232,John Brown,Rivers,Small Business,2025-10-15
C00233,Victoria Harris,Lagos,Small Business,2023-02-24
C00234,James Anderson,Abuja,Consumer,2025-07-11
C00235,Samuel Wilson,Delta,Small Business,2024-02-05
C00236,James Miller,Oyo,Small Business,2023-10-15
C00237,Esther Jones,Lagos,Corporate,2024-01-06
C00238,Rebecca Jackson,Kano,Small Business,2025-05-17
C00239,Rebecca Miller,Enugu,Corporate,2025-12-31
C00240,Michael Davis,Delta,Corporate,2023-07-28
C00241,Elizabeth White,Enugu,Consumer,2023-11-12
C00242,John Taylor,Delta,Corporate,2023-09-11
C00243, Victoria Taylor ,Lagos,Small Business,2024-01-12
C00244,Daniel Wilson,Lagos,Small Business,2023-10-23
C00245,James Williams,Edo,Corporate,2025-07-01
C00246,Sarah Smith,Enugu,Consumer,2025-08-12
C00247,Mary Wilson,Kano,Consumer,2025-06-07
C00248,Sarah Johnson,Abuja,Consumer,2025-09-27
C00249,Victoria Johnson,Edo,Corporate,2024-05-20
C00250,Grace Brown,Abuja,Small Business,2025-05-25
C00251,James Taylor,Edo,Consumer,2025-08-13
C00252,John Williams,Lagos,Corporate,2024-05-06
C00253,Sarah Johnson,Oyo,Corporate,2023-01-17
C00254,John Martin,Oyo,Consumer,2025-06-30
C00255,Grace Thomas,Kano,Small Business,2025-03-05
C00256,Paul White,Enugu,Corporate,2025-08-25
C00257,John Miller,Delta,Consumer,2023-03-29
C00258,John Taylor,Delta,Small Business,2025-12-07
C00259,Esther Taylor,Edo,Consumer,2023-07-07
C00260,Michael Anderson,Oyo,Small Business,2025-01-20
C00261,Mary Taylor,Delta,Consumer,2025-11-19
C00262,Victoria Wilson,Edo,Consumer,2025-10-04
C00263,Grace Davis,Lagos,Corporate,2025-12-18
C00264,Michael White,Enugu,Consumer,2025-10-25
C00265,Daniel Thomas,Edo,Consumer,2024-11-28
C00266,Joseph Brown,Kano,Consumer,2025-01-08
C00267,Joseph Wilson,Delta,,2024-05-06
C00268,Grace Smith,Edo,Consumer,2024-04-05
C00269,Paul Martin,Kano,Consumer,2025-08-14
C00270,Mary Anderson,Enugu,Consumer,2024-03-22
C00271,Mary Smith,DELTA,Consumer,2024-03-30
C00272,John Taylor,Lagos,Consumer,2023-09-15
C00273,James Taylor,Rivers,Small Business,2024-08-26
C00274,Joseph White,Kano,Small Business,2025-10-23
C00275,Mary Davis,Delta,Small Business,
C00276,Elizabeth Anderson,Delta,Corporate,2024-12-01
C00277,David Smith,Delta,Corporate,2024-07-21
C00278,Elizabeth Johnson,Kano,Consumer,2025-02-25
C00279,Paul Jones,Lagos,Small Business,2023-05-28
C00280,Paul Davis,Rivers,Small Business,2023-04-01
C00281,Michael White,Kano,Corporate,2023-12-17
C00282,Paul Williams,Rivers,Corporate,2024-08-09
C00283,Esther Johnson,Oyo,Small Business,2023-09-28
C00284,Rebecca Jackson,Enugu,Consumer,2024-09-25
C00285,David Martin,Rivers,Corporate,2025-03-13
C00286,Jennifer Martin,Enugu,Corporate,2023-01-17
C00287,Joseph White,Enugu,Corporate,2024-12-13
C00288,Daniel Taylor,Abuja,,2024-01-27
C00289,Daniel Wilson,Enugu,Consumer,2025-07-05
C00290,Rebecca White,Delta,Consumer,2025-10-26
C00291,Sarah Davis,Oyo,Corporate,2025-09-02
C00292,Esther Miller,Delta,Small Business,2023-06-25
C00293,Sarah Martin,Lagos,Corporate,2023-05-01
C00294,Grace Davis,Oyo,Consumer,2025-05-29
C00295,David White,Rivers,,2025-12-20
C00296,Joseph Wilson,Oyo,Corporate,2023-10-13
C00297,John Johnson,Edo,Corporate,2025-07-22
C00298,Daniel Johnson,Rivers,Corporate,2024-09-28
C00299,Grace Wilson,Kano,Small Business,2024-01-22
C00300,Elizabeth Jackson,Delta,Small Business,
C00301,Paul White,Edo,Consumer,2024-09-17
C00302,Esther Miller,Oyo,Consumer,2024-11-13
C00303,Victoria Smith,Edo,Small Business,2023-03-22
C00304,Rebecca Anderson,Delta,Small Business,2024-02-16
C00305,Esther Williams,Abuja,Small Business,2023-08-21
C00306,Daniel Jones,Delta,Small Business,2023-05-01
C00307,John Anderson,Rivers,Corporate,2023-12-13
C00308,Elizabeth Miller,Enugu,Small Business,2023-04-17
C00309,Paul Davis,Edo,Corporate,2024-07-12
C00310,Mary Smith,Delta,Consumer,2025-06-10
C00311,Sarah Williams,Delta,Corporate,2023-04-09
C00312,Victoria Harris,Lagos,Consumer,2025-04-02
C00313,Jennifer Wilson,Edo,Consumer,2025-12-20
C00314,Esther Martin,Abuja,Consumer,2023-07-26
C00315,Samuel Harris,Edo,Consumer,2025-09-18
C00316,Grace Williams,Kano,Small Business,2025-12-01
C00317,John Miller,Enugu,Small Business,2024-03-01
C00318,Joseph Wilson,Lagos,Consumer,2023-03-14
C00319,James Johnson,Delta,Consumer,2025-06-20
C00320,David Johnson,Oyo,Consumer,2023-02-20
C00321,Sarah Harris,Kano,Consumer,2024-07-07
C00322,Rebecca Harris,Rivers,Corporate,2023-12-25
C00323,Daniel Miller,Delta,Corporate,2023-09-24
C00324,Jennifer Jackson,Abuja,Small Business,
C00325,Rebecca Wilson,Abuja,Small Business,2024-08-23
C00326,Mary White,Lagos,Corporate,2023-06-02
C00327,Sarah Jones,Lagos,Consumer,2023-05-28
C00328,Rebecca Wilson,Lagos,Consumer,2025-11-16
C00329,David Martin,Rivers,Consumer,2024-11-27
C00330,Michael Harris,Abuja,Consumer,2025-02-20
C00331,Michael Jones,Delta,Consumer,2025-07-11
C00332,Joseph Martin,Enugu,Corporate,2023-07-21
C00333,Sarah Miller,Enugu,Corporate,2023-02-16
C00334,James Jackson,Rivers,Corporate,2024-03-28
C00335,James Jackson,Enugu,Corporate,2023-04-02
C00336,Victoria Davis,Enugu,Consumer,2023-08-22
C00337,Victoria Harris,Kano,Consumer,2023-10-08
C00338,Jennifer Davis,Lagos,Corporate,2023-06-04
C00339,Victoria Taylor,Lagos,Corporate,2023-06-28
C00340,Jennifer Taylor,Kano,Corporate,2025-10-28
C00341,Michael Martin,Kano,Small Business,2023-04-11
C00342,Michael Martin,Kano,Consumer,2023-10-11
C00343,Joseph Williams,Kano,Corporate,2025-04-06
C00344,David Thomas,Delta,Corporate,2023-08-18
C00345, Grace White ,Rivers,Consumer,2023-09-22
C00346,Joseph Wilson,Edo,Small Business,2023-12-12
C00347,Joseph Wilson,Delta,Corporate,2025-04-01
C00348,Elizabeth Brown,Oyo,Consumer,2025-08-31
C00349, Elizabeth Williams ,Delta,Small Business,2023-11-16
C00350,Elizabeth White,Delta,Small Business,2025-06-21
C00351,Joseph Williams,Rivers,Corporate,2024-05-02
C00352,Joseph Jackson,Abuja,Corporate,2025-03-04
C00353,David Johnson,Rivers,Consumer,2025-03-19
C00354,Samuel Davis,Edo,Consumer,2024-05-29
C00355,Esther Smith,Abuja,Consumer,2025-09-27
C00356,Grace Thomas,Kano,Corporate,2023-01-12
C00357,Samuel Jones,Enugu,Consumer,2024-05-18
C00358,Sarah Wilson,Lagos,Consumer,2023-11-01
C00359,Sarah Jones,Kano,Corporate,2024-01-12
C00360,Sarah Wilson,Rivers,Consumer,2024-12-23
C00361,James Thomas,Edo,Small Business,2025-04-13
C00362,Grace Williams,Abuja,Small Business,2023-09-29
C00363,Sarah White,Kano,Small Business,2023-11-26
C00364,Victoria White,Delta,Corporate,2023-09-16
C00365,Michael Taylor,Abuja,Small Business,2025-09-09
C00366,Elizabeth Miller,Oyo,Small Business,2023-06-12
C00367,Elizabeth Martin,Abuja,Corporate,2025-09-14
C00368,Michael Johnson,Kano,Consumer,2023-11-08
C00369,Daniel Taylor,Lagos,Consumer,2025-05-06
C00370,Esther Brown,Kano,Consumer,2024-09-05
C00371,Paul Miller,Rivers,Consumer,2023-01-22
C00372,Sarah Johnson,Rivers,Corporate,2024-11-24
C00373,Jennifer Harris,Edo,Consumer,2024-06-13
C00374,Michael Wilson,Enugu,Small Business,2025-10-19
C00375,Daniel Taylor,Oyo,Small Business,2024-01-09
C00376,Paul Williams,Edo,Small Business,2023-11-12
C00377,Grace Martin,Oyo,Consumer,2023-12-26
C00378,Grace Miller,Delta,Consumer,2025-03-31
C00379,Joseph Brown,Oyo,Corporate,2023-03-17
C00380,Victoria Thomas,Abuja,Consumer,2024-11-21
C00381,David Smith,Edo,Consumer,2024-03-07
C00382,David Wilson,Rivers,Consumer,2025-11-04
C00383,Jennifer Wilson,Rivers,Corporate,2024-06-07
C00384,David Smith,Oyo,Corporate,2025-11-23
C00385,Grace Davis,Edo,Small Business,2025-11-13
C00386,Esther Jones,Delta,Consumer,2024-05-30
C00387,Elizabeth Brown,Abuja,Small Business,2023-09-03
C00388,Daniel Martin,Lagos,Consumer,2024-03-20
C00389,James Anderson,Kano,Small Business,2025-07-07
C00390, Elizabeth Williams ,Abuja,Small Business,2025-12-15
C00391,Elizabeth White,Abuja,Small Business,2023-01-25
C00392,John Miller,Edo,Consumer,2024-01-26
C00393,Daniel Anderson,Delta,Corporate,2025-03-18
C00394,Paul Miller,Oyo,Small Business,2025-08-24
C00395,Mary Thomas,Delta,Corporate,2025-07-10
C00396,Daniel Jackson,RIVERS,Corporate,2024-05-11
C00397,David Jones,Oyo,Small Business,2025-09-02
C00398,Michael Harris,Lagos,Consumer,2025-02-13
C00399,James Thomas,Edo,Corporate,2023-01-22
C00400,Rebecca Thomas,Lagos,Small Business,2024-11-02
C00401,Paul Brown,ENUGU,Consumer,2025-11-26
C00402,Samuel Brown,Oyo,Consumer,2024-03-20
C00403,James Miller,Rivers,Small Business,2023-09-29
C00404,Paul Smith,Oyo,Corporate,2023-03-17
C00405,James Smith,Kano,Corporate,2023-05-11
C00406,Sarah Thomas,Enugu,Corporate,2025-05-22
C00407,Grace Jones,Enugu,Consumer,
C00408,Samuel Jackson,Delta,Consumer,2024-03-26
C00409,Samuel Johnson,Enugu,Corporate,2024-11-29
C00410,Sarah White,Abuja,Small Business,2024-09-22
C00411,Victoria Brown,Lagos,Small Business,2023-12-01
C00412,Michael Martin,Delta,Consumer,2024-02-05
C00413,Mary Martin,Enugu,Consumer,2023-05-23
C00414,Michael Jackson,Lagos,Corporate,2023-11-24
C00415,Esther Miller,Enugu,Small Business,2025-10-19
C00416, Michael Smith ,Delta,Consumer,2025-05-30
C00417,Paul White,Delta,Corporate,2024-04-17
C00418,Paul Anderson,Rivers,Corporate,2025-06-25
C00419,Jennifer Johnson,EDO,Corporate,2023-11-16
C00420,Sarah Anderson,Delta,Small Business,2023-06-11
C00421,Esther Smith,Edo,Small Business,2023-07-03
C00422,Mary Davis,Enugu,,2024-07-09
C00423,Victoria Thomas,Kano,Consumer,2025-03-05
C00424,Daniel Harris,Enugu,Corporate,2023-06-04
C00425,Paul Jones,Rivers,Corporate,2025-12-10
C00426,Paul Brown,Kano,Corporate,2023-05-10
C00427,Elizabeth Jones,Enugu,Corporate,2023-08-07
C00428,Rebecca Smith,Lagos,Consumer,2023-05-19
C00429,John Martin,Rivers,Corporate,2025-01-08
C00430,David Martin,Lagos,Corporate,
C00431,Samuel Thomas,Delta,Small Business,2023-09-30
C00432,Rebecca Johnson,Rivers,Small Business,2025-05-10
C00433,John Johnson,Abuja,Consumer,2023-06-16
C00434,John Martin,Lagos,Small Business,2024-05-04
C00435,Esther Johnson,Delta,Consumer,2024-01-24
C00436,Sarah Williams,Rivers,Corporate,2023-07-16
C00437,Paul White,Enugu,Corporate,2025-03-22
C00438,John Jones,Enugu,Consumer,2023-01-28
C00439,Samuel Davis,Rivers,Corporate,2023-02-18
C00440,Grace Davis,Rivers,Consumer,2023-03-27
C00441,Michael Jackson,Enugu,Corporate,2023-03-12
C00442,James Wilson,Rivers,Small Business,2025-10-01
C00443,Elizabeth Harris,Kano,Consumer,2023-08-19
C00444,Mary Wilson,Edo,Small Business,2023-12-25
C00445,Joseph Jones,Edo,Corporate,2025-02-02
C00446,Victoria Williams,Edo,Small Business,2023-05-11
C00447,John White,Kano,Corporate,2023-08-12
C00448,Joseph Brown,Rivers,Corporate,2025-10-13
C00449,Jennifer Thomas,Abuja,Consumer,2025-10-25
C00450,John Thomas,Kano,Consumer,2025-10-10
C00451,Sarah Taylor,Enugu,Corporate,2023-09-02
C00452, Daniel Johnson ,Kano,Corporate,2024-04-20
C00453, Paul Brown ,Oyo,Corporate,2024-09-28
C00454,Sarah Thomas,Delta,Corporate,2023-12-29
C00455,Sarah Jones,Abuja,Consumer,2023-03-17
C00456,Esther Johnson,Abuja,Consumer,2023-09-10
C00457,James Martin,Rivers,Small Business,2023-01-28
C00458,Jennifer Jackson,Edo,Corporate,2024-09-27
C00459,Elizabeth Brown,Edo,Corporate,2025-12-23
C00460,Victoria Johnson,Lagos,Corporate,2023-09-13
C00461,Rebecca Harris,Abuja,Corporate,2023-03-09
C00462,Esther Anderson,Kano,Consumer,2023-09-25
C00463,Joseph Martin,Delta,Corporate,2024-10-24
C00464,John Wilson,Enugu,Consumer,2025-10-15
C00465,Michael Brown,Oyo,Corporate,2025-11-25
C00466, Victoria Williams ,Abuja,Consumer,2023-03-07
C00467,Sarah Davis,Rivers,Small Business,2023-04-22
C00468,Grace Jackson,Edo,Small Business,2023-07-27
C00469,Samuel Smith,Delta,Corporate,2023-12-16
C00470,David Miller,Oyo,Corporate,2023-03-27
C00471,Paul Davis,Kano,Corporate,2024-05-11
C00472,Michael Jackson,Abuja,Corporate,2023-02-10
C00473,Joseph Williams,Kano,Consumer,2025-12-25
C00474,Samuel Martin,Kano,Corporate,2023-04-19
C00475,Paul Jones,Abuja,Small Business,2024-10-15
C00476,Joseph Harris,Abuja,Corporate,2025-10-05
C00477,David Harris,Edo,Corporate,2024-08-10
C00478,Paul Martin,Oyo,Consumer,2025-11-05
C00479,Victoria Brown,Abuja,Small Business,2024-01-08
C00480,Esther Harris,Kano,Corporate,2025-12-09
C00481,Mary Brown,Oyo,,2023-04-18
C00482,Grace Miller,Edo,Small Business,2024-01-12
C00483,Mary Williams,Abuja,Corporate,2024-10-24
C00484,Jennifer Wilson,Edo,Small Business,2025-12-04
C00485,Victoria Johnson,ENUGU,Corporate,2025-08-27
C00486,John Taylor,Enugu,Small Business,2025-10-07
C00487,Jennifer Smith,Abuja,Corporate,2024-03-31
C00488,Grace Wilson,Oyo,Small Business,2023-12-21
C00489,Samuel Harris,Rivers,Small Business,2025-08-17
C00490,John Johnson,Enugu,Consumer,2024-10-05
C00491,John Anderson,Enugu,Small Business,2023-02-19
C00492,James Wilson,Enugu,Small Business,2024-11-25
C00493,Grace White,Edo,Consumer,2024-11-11
C00494,Paul Jackson,Oyo,Small Business,2023-07-13
C00495,Jennifer Harris,Lagos,Consumer,2024-09-05
C00496,Mary White,Lagos,Corporate,2025-04-23
C00497,Elizabeth Anderson,Abuja,Consumer,2024-11-13
C00498,Grace Miller,Rivers,Small Business,2024-11-02
C00499,Sarah Johnson,KANO,Corporate,2023-03-16
C00500,Sarah Williams,Delta,Consumer,2023-12-18
C00501,Esther Martin,Abuja,Small Business,2024-10-21
C00502,Rebecca Brown,Kano,Consumer,2025-03-20
C00503,Elizabeth Martin,Oyo,Small Business,2024-11-03
C00504,Jennifer Jones,Abuja,Small Business,2024-05-10
C00505,Daniel Smith,Abuja,Consumer,2025-06-17
C00506,Joseph Jones,Edo,Corporate,2023-05-22
C00507,Sarah Miller,Oyo,Consumer,2023-11-29
C00508,Mary Johnson,Delta,Small Business,2024-04-05
C00509,Elizabeth Davis,RIVERS,Consumer,2025-12-27
C00510,Sarah White,Abuja,Corporate,2023-05-09
C00511,Grace Davis,Rivers,Small Business,2024-09-29
C00512,Sarah Wilson,Edo,Corporate,2024-03-24
C00513,David Taylor,Enugu,Small Business,2023-08-18
C00514,Daniel Brown,Kano,Small Business,
C00515,Rebecca Anderson,Delta,Corporate,2024-05-28
C00516,Rebecca Taylor,Rivers,Corporate,2023-03-21
C00517,Rebecca Wilson,Enugu,Corporate,2024-09-28
C00518,Sarah Anderson,Kano,Consumer,2023-06-07
C00519,Paul Anderson,Delta,Corporate,2025-04-05
C00520,James Johnson,Kano,Corporate,2023-04-23
C00521,Esther Jackson,Kano,Small Business,2023-07-14
C00522,Victoria Martin,Enugu,Consumer,2025-03-28
C00523,Samuel Martin,Kano,Corporate,2025-02-18
C00524,John Anderson,Delta,Small Business,2025-08-12
C00525,Daniel Miller,Oyo,Small Business,2023-09-16
C00526,Jennifer Jackson,Rivers,Small Business,2023-10-10
C00527,Esther Taylor,Abuja,Corporate,2023-11-17
C00528,Michael Taylor,Oyo,Consumer,2024-03-29
C00529,Daniel Jones,Kano,Corporate,2025-11-26
C00530,Samuel Taylor,Lagos,Corporate,2025-09-12
C00531,Mary Jackson,Enugu,Consumer,2025-12-05
C00532, Michael Martin ,Rivers,Small Business,2024-01-07
C00533,Joseph Williams,Enugu,Corporate,2025-11-30
C00534,Samuel Taylor,Edo,Consumer,2024-11-14
C00535,David White,Lagos,Consumer,2025-09-01
C00536,Mary Williams,Oyo,Consumer,2025-02-28
C00537,Daniel Anderson,Abuja,Corporate,2025-05-22
C00538,Joseph Johnson,Edo,Consumer,2024-10-18
C00539,John Jackson,Rivers,Consumer,2025-10-27
C00540,Sarah Anderson,Rivers,Small Business,2025-12-19
C00541,Michael Anderson,Edo,Consumer,2024-10-24
C00542,Sarah Harris,Kano,Corporate,2023-03-10
C00543,Mary White,Lagos,Consumer,2024-01-11
C00544,Michael Johnson,Lagos,Consumer,2023-04-28
C00545,Paul White,Lagos,Small Business,2025-11-24
C00546,David Anderson,Abuja,Consumer,2025-12-17
C00547, David Williams ,Oyo,Small Business,2023-05-05
C00548,Daniel Miller,Oyo,Consumer,2024-09-11
C00549,Jennifer Wilson,Rivers,Corporate,2024-10-17
C00550,Michael Harris,Enugu,Corporate,2024-02-12
C00551,John Martin,Kano,Small Business,2024-05-20
C00552,John Johnson,Delta,Consumer,2025-10-29
C00553,John Davis,Abuja,Small Business,2023-07-14
C00554,Jennifer Harris,Abuja,Corporate,
C00555,Mary Thomas,Rivers,Small Business,2024-05-03
C00556,Jennifer Harris,Rivers,Small Business,2025-08-25
C00557,Daniel Anderson,Delta,Small Business,2025-10-06
C00558,Sarah Brown,Lagos,Corporate,2023-02-01
C00559,Paul Wilson,Lagos,Corporate,2024-02-28
C00560,Esther Wilson,Delta,Consumer,2024-03-22
C00561,Grace Martin,Abuja,Consumer,2023-11-11
C00562,Elizabeth Miller,Enugu,Consumer,2025-07-01
C00563,Elizabeth Brown,Lagos,Small Business,2023-09-06
C00564,Esther White,Delta,Consumer,2024-04-07
C00565,Victoria Davis,Oyo,Consumer,2025-02-08
C00566, Rebecca Wilson ,Edo,Corporate,2025-01-27
C00567,Mary Taylor,Enugu,Consumer,2023-02-28
C00568,Victoria Jackson,Oyo,Consumer,2025-06-20
C00569,John Jackson,Kano,Consumer,2025-12-06
C00570,Grace Taylor,Edo,Consumer,2025-01-10
C00571,Mary Jackson,Oyo,Consumer,2024-09-06
C00572,Michael Taylor,Oyo,Small Business,2023-11-04
C00573,Joseph Thomas,Oyo,Corporate,2023-02-23
C00574,James Anderson,Delta,Corporate,2025-02-26
C00575,Elizabeth Jones,Enugu,Small Business,2023-09-22
C00576,James Brown,Rivers,Small Business,2025-10-29
C00577,Daniel Wilson,Rivers,Small Business,2024-06-27
C00578,Samuel Smith,Delta,Corporate,2024-04-13
C00579,Jennifer Williams,Rivers,Small Business,2023-08-13
C00580,James Jackson,Abuja,Consumer,2023-12-05
C00581,Daniel Jackson,LAGOS,Corporate,2025-12-05
C00582,James Smith,Rivers,Corporate,2024-12-04
C00583,Victoria Williams,Kano,Corporate,2024-08-07
C00584,Mary Thomas,Rivers,Corporate,2023-09-24
C00585,Grace Davis,Delta,Corporate,2024-02-20
C00586,John Anderson,Oyo,Consumer,2024-01-03
C00587,Paul Johnson,Rivers,,2025-05-23
C00588,Elizabeth Harris,Abuja,Small Business,2024-02-13
C00589,Grace Brown,Oyo,,2024-06-07
C00590,Esther Miller,Kano,Small Business,2025-07-07
C00591,Mary Davis,Kano,Corporate,2023-09-29
C00592,Paul Anderson,Delta,Small Business,2025-03-27
C00593,Sarah Taylor,Oyo,Corporate,2023-09-15
C00594,Mary Brown,Abuja,Small Business,2025-07-28
C00595,Jennifer Williams,Enugu,Small Business,2024-01-08
C00596,Victoria Williams,Edo,Corporate,2023-01-04
C00597,Grace White,Enugu,Small Business,2024-05-08
C00598,Samuel Miller,Delta,Consumer,2024-05-25
C00599,Daniel Martin,Edo,Corporate,2025-09-27
C00600,Esther Smith,Enugu,Small Business,2024-03-07
C00601,Joseph Wilson,Rivers,Corporate,2024-10-17
C00602,David White,Edo,Small Business,2024-02-27
C00603,James Wilson,Kano,Small Business,2025-11-03
C00604,Victoria Davis,Enugu,Consumer,2024-05-29
C00605,John Harris,Enugu,Consumer,2024-03-01
C00606,Grace Wilson,Enugu,Small Business,2023-10-16
C00607,Michael Martin,Enugu,Corporate,2023-08-11
C00608, John Brown ,Enugu,Small Business,2024-06-08
C00609,Michael Anderson,Delta,Consumer,2024-12-07
C00610,Grace Thomas,Enugu,Corporate,2025-07-22
C00611,David Martin,Enugu,Corporate,2023-08-15
C00612,Paul Johnson,Enugu,Corporate,
C00613,Elizabeth Harris,Kano,Small Business,2023-11-05
C00614,Sarah Jackson,Rivers,Corporate,2024-06-26
C00615,Joseph Harris,Abuja,Small Business,2024-03-26
C00616,Elizabeth Thomas,Abuja,Corporate,2023-06-16
C00617,David Davis,Delta,Small Business,2025-04-08
C00618,Rebecca White,Enugu,Consumer,2024-09-13
C00619,Sarah Jones,Delta,Small Business,2024-08-17
C00620,Rebecca Smith,Rivers,Consumer,2023-02-26
C00621,Grace White,Abuja,Corporate,2024-09-12
C00622,Samuel Harris,Edo,Small Business,2024-10-06
C00623,Joseph Harris,Lagos,Consumer,2024-06-17
C00624,Sarah Davis,Enugu,Small Business,2023-11-01
C00625,Elizabeth Jackson,Abuja,Consumer,2025-11-06
C00626,Michael Jackson,Kano,Small Business,2024-12-31
C00627,David Jones,Edo,Corporate,2025-12-28
C00628,Samuel White,Rivers,Small Business,2025-01-08
C00629,Mary Taylor,Lagos,Small Business,2024-07-02
C00630,Joseph Miller,Delta,Consumer,2023-08-19
C00631,Samuel Jones,Enugu,Corporate,2024-08-14
C00632,Mary Anderson,Edo,Small Business,2024-10-14
C00633,Paul Martin,Oyo,Small Business,2023-01-09
C00634,Mary Thomas,Abuja,Consumer,2024-06-12
C00635,Mary Taylor,Abuja,Corporate,2025-04-16
C00636,Michael Martin,Enugu,Small Business,2023-08-04
C00637,James Jackson,Kano,Consumer,2025-02-06
C00638,John Jackson,Delta,Corporate,2025-10-23
C00639,Elizabeth Williams,Edo,Consumer,2023-03-26
C00640,Esther Miller,Enugu,Corporate,2025-09-16
C00641,John Harris,Rivers,Consumer,2023-05-23
C00642,Samuel Davis,Rivers,Small Business,2024-02-24
C00643,Daniel Brown,Kano,Consumer,2023-03-04
C00644,Joseph Smith,Enugu,Consumer,2025-06-19
C00645,James Brown,Edo,Corporate,2024-04-16
C00646,Mary Anderson,Abuja,Corporate,2024-06-26
C00647,Daniel Martin,Enugu,Consumer,2024-09-14
C00648,Rebecca Miller,Delta,Corporate,2024-09-16
C00649,Jennifer White,Edo,Small Business,2023-03-28
C00650,Esther Johnson,Enugu,Consumer,2023-06-05
C00651,Mary Harris,Lagos,Small Business,2025-11-07
C00652,Esther Martin,Kano,Corporate,2024-09-24
C00653,Esther Wilson,Lagos,Small Business,2023-02-28
C00654,Victoria Davis,Abuja,Corporate,2023-07-02
C00655,James Martin,RIVERS,Small Business,2023-06-20
C00656, Grace Brown ,Enugu,Corporate,2023-08-10
C00657,Paul Martin,Delta,Consumer,2025-05-14
C00658,Jennifer Martin,Kano,Corporate,2023-06-13
C00659,John Taylor,Lagos,Small Business,2024-12-17
C00660,David Martin,Rivers,Consumer,2025-01-19
C00661,Rebecca Wilson,Lagos,Corporate,2025-07-19
C00662,Esther Jackson,Enugu,Consumer,2025-01-21
C00663,Samuel Wilson,Oyo,Small Business,2025-09-21
C00664,Mary Jones,Edo,Small Business,2023-07-16
C00665,David Taylor,Lagos,Consumer,2025-12-13
C00666,Victoria Smith,Enugu,Corporate,2024-05-03
C00667, Elizabeth Brown ,Kano,Corporate,2024-10-28
C00668,James Martin,Delta,Consumer,2024-02-28
C00669,Elizabeth Taylor,Delta,Consumer,2024-09-21
C00670,Sarah Jones,Abuja,Consumer,2024-10-08
C00671,Victoria Taylor,Oyo,Consumer,2023-01-17
C00672,Samuel Harris,Kano,,2023-06-22
C00673,Michael White,Edo,Corporate,2024-06-03
C00674,David Anderson,Kano,Corporate,2025-09-19
C00675,Rebecca Miller,Kano,Small Business,2023-11-05
C00676,Daniel Smith,KANO,Corporate,2023-06-08
C00677,Esther Miller,Rivers,Consumer,2023-03-09
C00678,Samuel Miller,Lagos,Corporate,2025-12-02
C00679, Rebecca Johnson ,Edo,Small Business,2024-11-10
C00680,Jennifer Johnson,Rivers,Corporate,2025-02-20
C00681,Sarah Brown,Oyo,Consumer,2023-02-19
C00682,Joseph Wilson,Rivers,Corporate,2024-05-28
C00683,Joseph White,Delta,Corporate,2024-11-21
C00684,Samuel Anderson,Lagos,Consumer,2025-12-02
C00685,James Anderson,Oyo,Corporate,2025-11-21
C00686,Joseph White,Oyo,Corporate,2025-10-08
C00687,Esther Harris,Kano,Consumer,2024-04-01
C00688,John Davis,Oyo,Consumer,2024-04-17
C00689,Samuel Thomas,Abuja,Small Business,2024-12-19
C00690,Michael Martin,Delta,Small Business,2025-12-27
C00691,Mary Johnson,EDO,Consumer,2023-01-11
C00692,Esther Thomas,Kano,Small Business,2024-03-19
C00693,Michael White,Delta,Small Business,2024-01-25
C00694,Samuel Davis,Oyo,Corporate,2025-10-03
C00695,Daniel White,Kano,Consumer,2023-05-01
C00696,Esther Harris,Abuja,Consumer,2023-09-07
C00697,Grace White,Kano,Consumer,2023-10-06
C00698,Rebecca Anderson,Abuja,Small Business,2023-05-09
C00699,Jennifer Jackson,Edo,Corporate,2023-01-28
C00700,Paul Jackson,Rivers,Corporate,2024-05-26
C00701,Daniel Miller,Abuja,Consumer,2024-06-22
C00702,Paul Smith,Abuja,Small Business,2023-01-21
C00703,Paul Taylor,Lagos,Consumer,2025-05-01
C00704,Victoria Wilson,Rivers,Consumer,2023-11-28
C00705, Samuel Jones ,Abuja,Corporate,2025-03-12
C00706,David Brown,Oyo,Corporate,2025-09-12
C00707,Paul Miller,Lagos,Small Business,2025-12-14
C00708,Rebecca Anderson,Abuja,Corporate,2025-02-09
C00709,Jennifer Wilson,Enugu,Consumer,2025-09-15
C00710,Esther Miller,Rivers,Consumer,2024-06-01
C00711,Samuel Johnson,Enugu,Small Business,2025-02-13
C00712,Jennifer Taylor,Edo,,2025-05-31
C00713,Mary Smith,Lagos,Consumer,2025-04-13
C00714,Paul Martin,Rivers,,
C00715,Esther Smith,Lagos,Small Business,2024-09-30
C00716,Mary Wilson,Oyo,Small Business,2025-04-03
C00717,Jennifer White,Oyo,Corporate,2023-01-20
C00718,John Thomas,Edo,Corporate,2025-12-31
C00719,Joseph Jackson,Rivers,Consumer,2025-04-18
C00720,Michael Johnson,Edo,Corporate,2025-10-29
C00721,Rebecca Harris,Kano,Consumer,2024-11-04
C00722,James Thomas,Delta,Consumer,2024-11-11
C00723,Mary Taylor,Rivers,Corporate,2025-10-19
C00724,Sarah Taylor,Kano,Corporate,2024-04-24
C00725,David White,Lagos,Corporate,2023-07-24
C00726,Joseph Harris,Lagos,Corporate,2024-05-15
C00727,Daniel Taylor,Delta,Consumer,2025-10-18
C00728,Michael Jackson,Edo,Consumer,2023-09-24
C00729,Mary Thomas,Lagos,Corporate,2023-06-28
C00730,Daniel Wilson,Delta,Small Business,2024-09-15
C00731,Rebecca Wilson,Lagos,Small Business,2023-03-12
C00732,Mary Thomas,Enugu,Small Business,2024-11-08
C00733, Sarah Thomas ,Lagos,Small Business,2024-11-24
C00734,Samuel Smith,Abuja,Small Business,2024-01-26
C00735,Daniel Williams,Edo,Small Business,2023-12-22
C00736,Rebecca Davis,Lagos,Corporate,2023-08-05
C00737,Mary Jones,Abuja,Consumer,2024-08-06
C00738,Jennifer Jackson,Enugu,Corporate,2023-01-18
C00739,Michael Taylor,Lagos,Consumer,2024-02-18
C00740,Samuel Brown,RIVERS,Small Business,2023-04-17
C00741,David Harris,Edo,Corporate,2023-07-17
C00742,Daniel Miller,Enugu,Small Business,2023-09-26
C00743,Daniel Jackson,Abuja,Consumer,2025-07-28
C00744,David Johnson,Edo,Small Business,2024-04-29
C00745,Elizabeth Thomas,Enugu,Consumer,2025-05-29
C00746,Samuel Wilson,Abuja,Consumer,2025-07-09
C00747,Grace Harris,Kano,Small Business,2023-11-10
C00748, Jennifer Johnson ,Delta,Small Business,2023-06-07
C00749,Daniel Wilson,Rivers,Small Business,2024-01-02
C00750,Michael Harris,Rivers,Corporate,2024-12-23
C00751,Jennifer Jackson,Rivers,Corporate,2025-04-19
C00752,Michael Williams,Edo,Consumer,2025-05-29
C00753,Rebecca Harris,Lagos,Consumer,2024-05-14
C00754,Jennifer Brown,Delta,Consumer,2024-04-03
C00755,Elizabeth Johnson,Kano,Small Business,2025-02-06
C00756,Jennifer Johnson,Delta,Small Business,2025-02-19
C00757,Joseph White,Delta,Small Business,2025-10-02
C00758,Esther Harris,Rivers,Corporate,2025-03-06
C00759, John Martin ,Oyo,Corporate,2025-07-06
C00760,Sarah White,Lagos,Small Business,2024-06-17
C00761,Mary Martin,Oyo,Corporate,2024-10-16
C00762,David Martin,Oyo,Corporate,2023-09-03
C00763,Daniel Anderson,Edo,Corporate,2025-05-13
C00764,Rebecca Thomas,Delta,Consumer,2024-12-20
C00765,James Taylor,Rivers,Consumer,2023-07-23
C00766,Elizabeth Wilson,Enugu,Corporate,2024-04-11
C00767,Mary Brown,Kano,Consumer,2025-07-12
C00768,Esther Taylor,Rivers,Consumer,2025-02-07
C00769,James Smith,Delta,Small Business,2023-09-30
C00770, Grace Anderson ,Oyo,Consumer,2025-06-29
C00771,David Martin,Enugu,Corporate,2024-04-08
C00772,Grace White,Enugu,Small Business,2024-12-08
C00773,Joseph Thomas,Lagos,Small Business,2024-10-29
C00774,Elizabeth Wilson,Rivers,Corporate,2023-07-15
C00775,Grace Jones,Oyo,Small Business,2023-12-22
C00776,Esther Anderson,Delta,Consumer,2025-09-26
C00777,Victoria White,KANO,Corporate,2025-06-25
C00778,Jennifer Anderson,Enugu,Consumer,2023-04-18
C00779,Esther White,Abuja,Corporate,2024-10-13
C00780,Esther Taylor,DELTA,Small Business,2025-04-07
C00781,James Thomas,Enugu,Small Business,2025-11-06
C00782,Paul Jackson,Lagos,Small Business,2024-07-30
C00783,Sarah Harris,Delta,Small Business,2023-11-02
C00784,Paul Anderson,Delta,Consumer,2025-07-14
C00785,Victoria Jones,Lagos,Consumer,2025-02-06
C00786,Esther White,Lagos,Small Business,2025-10-10
C00787,Grace Harris,Lagos,Small Business,2023-06-18
C00788,Paul Taylor,Rivers,Corporate,2024-05-12
C00789,David Smith,Delta,Corporate,2023-07-08
C00790,Sarah Wilson,Enugu,Small Business,2023-03-15
C00791,James Smith,Delta,Small Business,2024-07-19
C00792,Samuel Wilson,Delta,Small Business,2025-01-22
C00793,Sarah Wilson,Oyo,Consumer,2025-09-14
C00794,Elizabeth Brown,Abuja,Consumer,2024-05-25
C00795,Joseph Taylor,Kano,Corporate,2024-06-01
C00796,Sarah White,Delta,Corporate,2024-08-26
C00797,John Miller,Edo,Consumer,2024-09-03
C00798,James White,Kano,Small Business,2023-12-07
C00799,Daniel Brown,Enugu,Corporate,2025-11-08
C00800,Victoria Jones,Edo,Small Business,2025-06-22
C00801,Grace White,Enugu,Small Business,2023-08-12
C00802,Mary Jackson,Delta,Corporate,2025-11-23
C00803,Esther White,Abuja,Small Business,2025-07-11
C00804,Victoria Miller,Edo,Corporate,2024-12-09
C00805,Grace Williams,Delta,Consumer,2025-04-17
C00806,Rebecca Davis,Delta,Small Business,2025-02-19
C00807,Joseph White,Rivers,Small Business,2024-12-31
C00808,Jennifer Harris,Lagos,Consumer,2024-08-22
C00809,Paul Martin,Enugu,Corporate,2024-02-20
C00810,Paul Taylor,Oyo,Corporate,2023-03-26
C00811,Michael Jones,Kano,Corporate,2025-08-07
C00812,Elizabeth Harris,Lagos,Small Business,2024-03-21
C00813,David Taylor,Edo,Small Business,2025-11-28
C00814,Daniel Jones,Rivers,Corporate,2025-10-20
C00815,Michael Smith,Lagos,Corporate,2024-02-27
C00816,Michael Williams,Rivers,Corporate,2025-06-03
C00817,Joseph White,Abuja,Corporate,2024-04-02
C00818,Samuel Harris,Oyo,Corporate,2024-06-03
C00819,David Brown,Delta,Corporate,2025-03-17
C00820,Paul Taylor,Rivers,Consumer,2025-10-16
C00821,Daniel Brown,Abuja,,2024-07-28
C00822,Mary Jackson,Abuja,Corporate,2025-07-20
C00823,Samuel Williams,ABUJA,Consumer,2023-08-15
C00824,Elizabeth White,Edo,Consumer,2024-01-12
C00825,Daniel Smith,Kano,Small Business,2025-09-02
C00826,Grace Anderson,Lagos,Small Business,2025-11-02
C00827,James Miller,Oyo,Small Business,2025-01-10
C00828,James Thomas,Oyo,Small Business,2023-10-06
C00829,Jennifer Martin,Delta,Small Business,2024-04-28
C00830,Samuel Jones,Delta,Consumer,2024-08-06
C00831,Michael Taylor,Delta,Small Business,2024-03-27
C00832,Sarah Davis,Abuja,Small Business,2024-08-28
C00833,Jennifer Miller,Lagos,Corporate,2024-11-21
C00834,Joseph Brown,Oyo,Consumer,2023-07-06
C00835,Michael Smith,Rivers,Corporate,2023-12-05
C00836,Victoria Smith,Rivers,Consumer,2025-04-15
C00837,Victoria Harris,Enugu,Small Business,2024-11-09
C00838, David Smith ,Edo,Consumer,2023-04-24
C00839,Jennifer Thomas,Edo,Consumer,2023-05-09
C00840,Elizabeth Thomas,Lagos,Corporate,2024-08-04
C00841,Joseph Anderson,Abuja,Corporate,2024-03-04
C00842,Joseph Davis,Lagos,Small Business,2023-12-31
C00843,John Smith,Rivers,Consumer,2025-06-04
C00844, Joseph Williams ,Oyo,Corporate,2025-01-17
C00845,Mary Jackson,Rivers,Corporate,2023-06-02
C00846,David Martin,Delta,Consumer,2023-02-02
C00847,Daniel Wilson,Lagos,Small Business,2025-02-06
C00848,Michael Miller,Edo,Consumer,2025-05-31
C00849,Elizabeth Harris,Lagos,Consumer,2025-02-21
C00850,Grace Smith,Kano,Small Business,2025-03-21
C00851,Rebecca Anderson,Kano,Small Business,2025-03-23
C00852,Esther Taylor,Enugu,Corporate,2024-07-02
C00853,Sarah Davis,Lagos,Corporate,2023-02-05
C00854,Victoria Jones,Delta,Corporate,2024-01-12
C00855,Jennifer Miller,Edo,Small Business,2025-06-24
C00856,Rebecca Anderson,Enugu,Consumer,2024-05-12
C00857,Joseph Martin,EDO,Consumer,2023-10-12
C00858,David Jackson,Edo,Corporate,2024-12-08
C00859,Michael Miller,Lagos,Consumer,2023-07-10
C00860,Joseph Miller,Enugu,Consumer,2023-06-15
C00861,David Thomas,Rivers,Small Business,2023-04-24
C00862,Jennifer Thomas,Lagos,Consumer,2025-08-16
C00863,Sarah Johnson,Lagos,Corporate,2024-10-16
C00864,Daniel Anderson,Enugu,Corporate,2023-09-06
C00865,Daniel White,Oyo,Small Business,2025-02-25
C00866,Sarah Johnson,Delta,Corporate,2023-03-23
C00867,Samuel White,Kano,Small Business,2024-11-29
C00868,Paul Williams,Abuja,Corporate,2024-06-11
C00869,Joseph Johnson,Enugu,Consumer,2025-10-08
C00870,Paul Anderson,Lagos,Consumer,2024-08-06
C00871,David White,Lagos,Corporate,2024-02-28
C00872,Joseph Thomas,Lagos,Corporate,2024-11-02
C00873,Esther Thomas,Oyo,Consumer,2023-04-24
C00874,Joseph Johnson,Oyo,Consumer,2024-07-30
C00875,John Anderson,Edo,Consumer,2023-11-16
C00876,Victoria Wilson,Lagos,Corporate,2023-10-07
C00877,John Smith,Enugu,Corporate,2023-08-05
C00878,Elizabeth White,Oyo,Small Business,2024-05-21
C00879,James Brown,Enugu,Corporate,2025-03-01
C00880,Daniel Davis,Abuja,Corporate,2023-08-06
C00881,David Davis,Rivers,Small Business,2025-04-27
C00882,David Jackson,Lagos,Corporate,2024-10-25
C00883,Rebecca Harris,Oyo,Corporate,2024-06-10
C00884,Grace White,Lagos,Consumer,2025-08-28
C00885,Victoria Brown,Oyo,Corporate,2023-10-15
C00886,Paul Brown,Lagos,Consumer,2023-03-19
C00887,Daniel Davis,Oyo,Corporate,2024-05-14
C00888,Victoria Miller,Enugu,Small Business,2023-03-22
C00889,Joseph Jackson,Lagos,Small Business,2025-01-03
C00890,Elizabeth Anderson,Delta,Consumer,2023-06-21
C00891,Esther Davis,Kano,Corporate,2023-07-06
C00892,Daniel Thomas,Delta,Small Business,2025-10-15
C00893,John Miller,Abuja,Small Business,2024-07-28
C00894,Esther Harris,Enugu,Consumer,2024-10-03
C00895,Paul White,Delta,Corporate,2023-09-17
C00896,David White,Kano,Consumer,2024-10-03
C00897,Joseph Taylor,Abuja,Consumer,2025-04-19
C00898,Elizabeth Jackson,Enugu,,2024-09-21
C00899,Sarah Thomas,Abuja,Corporate,2024-07-30
C00900,James White,Delta,Corporate,2023-12-22
C00901,John Thomas,Abuja,Corporate,2024-06-17
C00902,Elizabeth Taylor,Oyo,Consumer,2023-06-30
C00903,Jennifer Davis,Lagos,Corporate,2024-07-18
C00904,James Miller,Delta,,2024-02-06
C00905,John Johnson,Edo,Small Business,2024-01-12
C00906,Mary Taylor,Oyo,Small Business,2024-03-03
C00907,Michael Johnson,Edo,Consumer,2025-07-25
C00908,Daniel Martin,Abuja,Corporate,2025-06-16
C00909,Rebecca Miller,Lagos,Consumer,2023-01-25
C00910,Sarah Taylor,LAGOS,Corporate,2024-11-07
C00911,Michael Johnson,Lagos,,2023-10-21
C00912,Samuel Brown,Enugu,Consumer,2023-10-02
C00913,Samuel White,Kano,Small Business,2023-12-09
C00914,Elizabeth Miller,Rivers,Corporate,2024-01-30
C00915,Elizabeth Davis,Abuja,Corporate,2023-07-19
C00916,Elizabeth Brown,Edo,Small Business,2025-01-08
C00917,Joseph Williams,Oyo,Consumer,2025-01-22
C00918,Daniel Harris,Oyo,Consumer,2025-10-03
C00919,James Anderson,Rivers,Consumer,2023-01-29
C00920,Rebecca White,Lagos,Small Business,2023-04-15
C00921,Mary Miller,Kano,Consumer,2024-10-31
C00922,Rebecca Wilson,Kano,Small Business,2024-05-11
C00923,Esther Martin,Edo,Corporate,2025-03-23
C00924,Jennifer Martin,Lagos,Small Business,2024-07-04
C00925,John Anderson,Enugu,Consumer,2023-10-30
C00926,David Jackson,Delta,Consumer,2023-02-27
C00927,Grace Johnson,Delta,Small Business,2023-10-29
C00928, Samuel Miller ,Oyo,Consumer,2023-01-21
C00929,Paul Anderson,Oyo,Consumer,2024-05-14
C00930,Mary Davis,EDO,Consumer,2023-12-08
C00931,Victoria Jones,Rivers,Small Business,2024-01-07
C00932,Samuel Jackson,Lagos,Corporate,2025-06-28
C00933,Daniel Brown,Rivers,Corporate,2023-10-23
C00934,Rebecca Martin,Lagos,Consumer,2025-08-21
C00935,Michael Brown,Abuja,Small Business,2024-12-09
C00936,James Jackson,Lagos,Consumer,2024-12-17
C00937,Elizabeth Wilson,Edo,Consumer,2023-10-28
C00938,Grace Jackson,Enugu,Consumer,2025-08-29
C00939,James Davis,Rivers,Small Business,2025-01-31
C00940,Samuel Miller,Rivers,Corporate,2025-05-10
C00941,David Thomas,Edo,Consumer,2024-02-08
C00942,Daniel Taylor,Kano,Small Business,2025-07-12
C00943,Sarah Jackson,Rivers,Small Business,2023-05-18
C00944,Grace Smith,Oyo,Corporate,2025-11-04
C00945,Jennifer Smith,Enugu,Corporate,2025-06-27
C00946,John Brown,Abuja,Consumer,2025-03-20
C00947,Mary Miller,Oyo,Small Business,2024-05-04
C00948,Joseph Williams,Abuja,Small Business,2024-01-20
C00949,Jennifer Taylor,Delta,Consumer,2024-08-02
C00950,Michael Brown,Kano,Small Business,2024-10-21
C00951,Mary Davis,Abuja,Small Business,2023-09-03
C00952,Elizabeth Williams,Oyo,Small Business,2025-05-02
C00953,Jennifer Jones,Lagos,Corporate,
C00954,Elizabeth Anderson,Enugu,Small Business,2024-02-01
C00955,Rebecca Davis,Edo,Corporate,2025-07-05
C00956,Victoria Johnson,Edo,Small Business,2024-08-20
C00957,Samuel White,Rivers,Small Business,2023-09-10
C00958,Joseph Taylor,Edo,Small Business,2023-05-17
C00959,Paul Brown,Rivers,Consumer,2024-05-06
C00960,Sarah Brown,Lagos,Consumer,2024-06-17
C00961,Mary White,Abuja,Small Business,2025-06-13
C00962, Paul Davis ,Oyo,Small Business,2024-03-27
C00963,Paul Smith,Kano,Consumer,2024-07-28
C00964,Joseph Smith,Lagos,Consumer,2023-10-31
C00965,Samuel Taylor,ENUGU,Consumer,2025-08-08
C00966,Michael Jackson,Edo,Corporate,2023-09-07
C00967,Joseph Wilson,Oyo,Small Business,2024-05-22
C00968,Michael Williams,Rivers,Small Business,2023-05-12
C00969,Rebecca Martin,Kano,Consumer,2025-04-12
C00970,Michael Miller,Oyo,Small Business,2023-09-30
C00971,David Jones,Delta,Corporate,2023-01-24
C00972,Samuel White,Abuja,Consumer,2023-08-18
C00973,Paul Harris,Rivers,Small Business,2023-05-04
C00974, James Smith ,Lagos,Small Business,2024-07-25
C00975,Grace Anderson,Kano,Consumer,2025-12-03
C00976,Samuel Miller,Enugu,Consumer,2024-09-17
C00977,Elizabeth Taylor,Enugu,Corporate,2023-07-10
C00978,Rebecca Jones,Kano,Consumer,2023-09-17
C00979,Jennifer Jones,Abuja,Consumer,2024-03-01
C00980,David Thomas,Oyo,Consumer,2024-03-19
C00981,Rebecca Martin,Oyo,Consumer,2025-12-21
C00982,Mary Thomas,Edo,Small Business,2024-03-11
C00983,Jennifer Anderson,Rivers,Small Business,2024-03-17
C00984,Victoria Johnson,Oyo,Consumer,2025-01-10
C00985,John Brown,Oyo,Consumer,2025-08-07
C00986,Paul White,Edo,Corporate,2023-03-08
C00987,Rebecca Williams,Enugu,Small Business,2023-10-17
C00988, Jennifer Taylor ,Edo,Corporate,2025-04-02
C00989,Michael Taylor,Rivers,Small Business,2025-11-15
C00990,Grace Thomas,Lagos,Consumer,2023-11-11
C00991,James Jones,Kano,Consumer,2024-04-30
C00992,Grace Martin,Oyo,Small Business,2023-10-12
C00993,Victoria White,Enugu,Small Business,2024-12-28
C00994,Sarah White,Lagos,Corporate,2025-06-09
C00995,Jennifer Williams,Delta,Small Business,2023-12-18
C00996,Joseph Thomas,Oyo,Corporate,2023-04-24
C00997,Esther Harris,Kano,Corporate,2023-08-16
C00998,Elizabeth Brown,Rivers,Consumer,2024-06-04
C00999,Samuel Brown,Lagos,Corporate,2023-08-05
C01000,Sarah Davis,Edo,Small Business,2025-06-12
C00842,Joseph Davis,Lagos,Small Business,2023-12-31
C00957,Samuel White,Rivers,Small Business,2023-09-10
C00545,Paul White,Lagos,Small Business,2025-11-24
C00174,Rebecca Taylor,Rivers,Corporate,2025-08-14
C00760,Sarah White,Lagos,Small Business,2024-06-17
C00956,Victoria Johnson,Edo,Small Business,2024-08-20
C00122,Jennifer Martin,Edo,Consumer,2024-12-26
C00231,Samuel Smith,Enugu,Corporate,2023-12-24
C00012,Rebecca Martin,Abuja,Consumer,2025-10-03
C00121,Jennifer Thomas,Delta,Small Business,2025-02-28
C00660,David Martin,Rivers,Consumer,2025-01-19
C00420,Sarah Anderson,Delta,Small Business,2023-06-11
C00192,Jennifer Anderson,Rivers,Small Business,2025-06-29
C00945,Jennifer Smith,Enugu,Corporate,2025-06-27
C00393,Daniel Anderson,Delta,Corporate,2025-03-18
